89dea1d2d2fe75c4db488f61cdc927b3c32db905,DELETE,executable,rasa_venv/lib/python3.8/site-packages/PIL/.dylibs/libXau.6.0.0.dylib,130,
c7b07e2a28d00c130ac8e5a53ceb0f3a45b66ca9,DELETE,executable,rasa_venv/lib/python3.8/site-packages/PIL/.dylibs/libbrotlicommon.1.1.0.dylib,131,
9a2a492e62e0ebbd91b02e3ccdbf393d53f6d0db,DELETE,executable,rasa_venv/lib/python3.8/site-packages/PIL/.dylibs/libbrotlidec.1.1.0.dylib,131,
8eb554916f7a9bf5ba72d788530afbd77f2ebe91,DELETE,executable,rasa_venv/lib/python3.8/site-packages/PIL/.dylibs/libfreetype.6.dylib,132,
5a5ff8b012fd6e4f3d46e3f4db5fa6bf4cf8d049,DELETE,executable,rasa_venv/lib/python3.8/site-packages/PIL/.dylibs/libharfbuzz.0.dylib,132,
62e8909d5989427982f0b2c44b864e4e5eb1e3e3,DELETE,executable,rasa_venv/lib/python3.8/site-packages/PIL/.dylibs/libjpeg.62.4.0.dylib,131,
012c68e4420e128c5cc82abc41d8db84d17c011a,DELETE,executable,rasa_venv/lib/python3.8/site-packages/PIL/.dylibs/liblcms2.2.dylib,131,
a64c5a1c37b226b95ce0b8009b5d78903128f9fc,DELETE,executable,rasa_venv/lib/python3.8/site-packages/PIL/.dylibs/liblzma.5.dylib,131,
f3f27a10d7448b1b262f7a5caf4e31d8d07f29f9,DELETE,executable,rasa_venv/lib/python3.8/site-packages/PIL/.dylibs/libopenjp2.2.5.2.dylib,131,
e7bb81db3b327d6d2d48f6d5156ebd722c4eb227,DELETE,executable,rasa_venv/lib/python3.8/site-packages/PIL/.dylibs/libpng16.16.dylib,131,
7b3eaa52917f00bc12fa703f22e8038e6f257e6f,DELETE,executable,rasa_venv/lib/python3.8/site-packages/PIL/.dylibs/libsharpyuv.0.dylib,130,
2d9e614ecb77fa2269b1793510a8567c9da97a50,DELETE,executable,rasa_venv/lib/python3.8/site-packages/PIL/.dylibs/libtiff.6.dylib,131,
f4026e8ec5d8c16892e12976620ff373329d6e1b,DELETE,executable,rasa_venv/lib/python3.8/site-packages/PIL/.dylibs/libwebp.7.dylib,131,
8782106e7d10a3f791b0937708c2ad6cdfd5f8f7,DELETE,executable,rasa_venv/lib/python3.8/site-packages/PIL/.dylibs/libwebpdemux.2.dylib,130,
95e6562cd84727b19c9792c80bf12b56ad1e2de0,DELETE,executable,rasa_venv/lib/python3.8/site-packages/PIL/.dylibs/libwebpmux.3.dylib,131,
a818cae8230a937d2e9769372bacd124ad2ecb96,DELETE,executable,rasa_venv/lib/python3.8/site-packages/PIL/.dylibs/libxcb.1.1.0.dylib,131,
3d8aa9c48bbb428928befc5fbff9bfee933f0267,DELETE,executable,rasa_venv/lib/python3.8/site-packages/PIL/.dylibs/libz.1.3.1.dylib,131,
202c515a5048b30d69249b04393a6bca60a782b4,DELETE,executable,rasa_venv/lib/python3.8/site-packages/clang/native/libclang.dylib,133,
3e11e5b83dcc0f3433dd9b6238b65ceedef043b1,DELETE,regular-file,rasa_venv/lib/python3.8/site-packages/confluent_kafka/.dylibs/librdkafka.dylib,132,
6304047fd64e7d582f422ff62c9eb03320d7f5ee,DELETE,executable,rasa_venv/lib/python3.8/site-packages/h5py/.dylibs/libhdf5.200.dylib,132,
5e27b71f5a2a7e926a23f55b75b611823ab23074,DELETE,executable,rasa_venv/lib/python3.8/site-packages/h5py/.dylibs/libhdf5_hl.200.dylib,131,
04237258e5221237faa0d31d79194f85f987fb27,DELETE,executable,rasa_venv/lib/python3.8/site-packages/h5py/.dylibs/libz.1.2.13.dylib,131,
4481af1bc649e9c6cf1ca832034c373d5e00739f,DELETE,regular-file,rasa_venv/lib/python3.8/site-packages/numpy/.dylibs/libgcc_s.2.dylib,131,
63aa55c61ad3ec7f7d02ba448138bb7921110f47,DELETE,executable,rasa_venv/lib/python3.8/site-packages/numpy/.dylibs/libgfortran.5.dylib,132,
fc714fbd5df7188ddef251e167b0758716789cf8,DELETE,executable,rasa_venv/lib/python3.8/site-packages/numpy/.dylibs/libopenblas64_.0.dylib,133,
096e0691b5f8e5e301205c46392b832c7ac52533,DELETE,regular-file,rasa_venv/lib/python3.8/site-packages/scipy/.dylibs/libgcc_s.1.1.dylib,131,
3313a25d507b401891e61be27427826b886ca0ef,DELETE,executable,rasa_venv/lib/python3.8/site-packages/scipy/.dylibs/libgfortran.5.dylib,132,
f488054f0a84bacead23f28a958cb51149b5e18c,DELETE,executable,rasa_venv/lib/python3.8/site-packages/scipy/.dylibs/libopenblas.0.dylib,133,
ad23cde2f6f53890104f0981a34fe27baa1fd5c7,DELETE,executable,rasa_venv/lib/python3.8/site-packages/scipy/.dylibs/libquadmath.0.dylib,131,
6848b5be0a63207c3a0ade6ad99d718b048267c1,DELETE,executable,rasa_venv/lib/python3.8/site-packages/sklearn/.dylibs/libomp.dylib,131,
d1a0edeb42936fd1576c29f29e3519430b41f30c,DELETE,executable,rasa_venv/lib/python3.8/site-packages/tensorflow/libtensorflow_cc.2.dylib,134,
d6f8af2e85f5582b3513281cebe5b6b44ef1f2dd,DELETE,executable,rasa_venv/lib/python3.8/site-packages/tensorflow/libtensorflow_framework.2.dylib,133,
